"Metric","Value"
"RMSE",3.45917236389967
"MAE",2.47913142528109
"R2",0.530857990903708
